Year,Place,Player,Age,Team,Pos,Votes,Vote_pct,G,A,PTS,GP_Y1,PPG_Y1,GP_Y2,PPG_Y2,Diff
2005-06,1,Alex Ovechkin,20,WSH,LW,1275,98.84,52,54,106,,,,,
2005-06,2,Sidney Crosby,18,PIT,C,831,64.42,39,63,102,,,,,
2005-06,3,Dion Phaneuf,20,CGY,D,580,44.96,20,29,49,,,,,
2005-06,5,Brad Boyes,23,BOS,C,48,3.72,26,43,69,,,,,
2005-06,5,Marek Svatoš,23,COL,RW,48,3.72,32,18,50,,,,,
2006-07,1,Evgeni Malkin,20,PIT,LW,1357,94.9,33,52,85,,,,,
2006-07,2,Paul Stastny,21,COL,C,965,67.48,28,50,78,,,,,
2006-07,3,Jordan Staal,18,PIT,C,565,39.51,29,13,42,,,,,
2006-07,4,Anže Kopitar,19,LAK,C,417,29.16,20,41,61,,,,,
2006-07,5,Dustin Penner,24,ANA,RW,107,7.48,29,16,45,,,,,
2007-08,1,Patrick Kane,19,CHI,RW,1078,81.05,21,51,72,,,,,
2007-08,2,Nicklas Bäckström,20,WSH,C,872,65.56,14,55,69,,,,,
2007-08,3,Jonathan Toews,19,CHI,C,647,48.65,24,30,54,,,,,
2007-08,5,Peter Mueller,19,PHX,C,195,14.66,22,32,54,,,,,
2007-08,6,Toby Enström,23,ATL,D,79,5.94,5,33,38,,,,,
2008-09,2,Bobby Ryan,21,ANA,RW,829,62.8,31,26,57,,,,,
2008-09,3,Kris Versteeg,22,CHI,LW,323,24.47,22,31,53,,,,,
2008-09,5,Drew Doughty,19,LAK,D,303,22.95,6,21,27,,,,,
2008-09,6,Blake Wheeler,22,BOS,RW,157,11.89,21,24,45,,,,,
2008-09,7,Patrik Berglund,20,STL,C,128,9.7,21,26,47,,,,,
2009-10,1,Tyler Myers,19,BUF,D,1178,89.24,11,37,48,,,,,
2009-10,3,Matt Duchene,19,COL,C,755,57.2,24,31,55,,,,,
2009-10,5,John Tavares,19,NYI,C,303,22.95,24,30,54,,,,,
2009-10,6,Niclas Bergfors,22,TOT,RW,30,2.27,21,23,44,,,,,
2009-10,7,Jamie Benn,20,DAL,LW,20,1.52,22,19,41,,,,,
2010-11,1,Jeff Skinner,18,CAR,RW,1055,83.07,31,32,63,,,,,
2010-11,2,Logan Couture,21,SJS,C,908,71.5,32,24,56,,,,,
2010-11,3,Michael Grabner,23,NYI,RW,497,39.13,34,18,52,,,,,
2010-11,5,John Carlson,21,WSH,D,188,14.8,7,30,37,,,,,
2010-11,6,P.K. Subban,21,MTL,D,155,12.2,14,24,38,,,,,
2011-12,1,Gabriel Landeskog,19,COL,LW,1383,92.82,22,30,52,,,,,
2011-12,2,Ryan Nugent-Hopkins,18,EDM,C,1001,67.18,18,34,52,,,,,
2011-12,3,Adam Henrique,21,NJD,C,620,41.61,16,35,51,,,,,
2011-12,4,Matt Read,25,PHI,RW,546,36.64,24,23,47,,,,,
2011-12,5,Carl Hagelin,23,NYR,LW,88,5.91,14,24,38,,,,,
2012-13,1,Jonathan Huberdeau,19,FLA,C,1141,63.74,14,17,31,,,,,
2012-13,2,Brendan Gallagher,20,MTL,RW,1048,58.55,15,13,28,,,,,
2012-13,3,Brandon Saad,20,CHI,LW,730,40.78,10,17,27,,,,,
2012-13,4,Jonas Brodin,19,MIN,D,621,34.69,2,9,11,,,,,
2012-13,5,Nail Yakupov,19,EDM,RW,521,29.11,17,14,31,,,,,
2013-14,1,Nathan MacKinnon,18,COL,C,1347,98.32,24,39,63,,,,,
2013-14,2,Ondřej Palát,22,TBL,LW,791,57.74,23,36,59,,,,,
2013-14,3,Tyler Johnson,23,TBL,C,352,25.69,24,26,50,,,,,
2013-14,4,Torey Krug,22,BOS,D,287,20.95,14,26,40,,,,,
2013-14,5,Olli Määttä,19,PIT,D,225,16.42,9,20,29,,,,,
2014-15,1,Aaron Ekblad,18,FLA,D,1147,73.06,12,27,39,,,,,
2014-15,2,Mark Stone,22,OTT,RW,1078,68.66,26,38,64,,,,,
2014-15,3,Johnny Gaudreau,21,CGY,LW,1026,65.35,24,40,64,,,,,
2014-15,4,Filip Forsberg,20,NSH,C,594,37.83,26,37,63,,,,,
2014-15,5,John Klingberg,22,DAL,D,127,8.09,11,29,40,,,,,
2015-16,1,Artemi Panarin,24,CHI,LW,1258,83.87,30,47,77,,,,,
2015-16,2,Shayne Gostisbehere,22,PHI,D,955,63.67,17,29,46,,,,,
2015-16,3,Connor McDavid,19,EDM,C,858,57.2,16,32,48,,,,,
2015-16,4,Jack Eichel,19,BUF,C,449,29.93,24,32,56,,,,,
2015-16,5,Dylan Larkin,19,DET,C,170,11.33,23,22,45,,,,,
2016-17,1,Auston Matthews,19,TOR,C,1661,99.46,40,29,69,,,,,
2016-17,2,Patrik Laine,18,WPG,RW,1106,66.23,36,28,64,,,,,
2016-17,3,Zach Werenski,19,CBJ,D,711,42.57,11,36,47,,,,,
2016-17,5,Mitch Marner,19,TOR,C,273,16.35,19,42,61,,,,,
2016-17,6,William Nylander,20,TOR,RW,143,8.56,22,39,61,,,,,
2017-18,1,Mathew Barzal,20,NYI,C,1626,99.15,22,63,85,,,,,
2017-18,2,Brock Boeser,20,VAN,RW,750,45.73,29,26,55,,,,,
2017-18,3,Clayton Keller,19,ARI,C,492,30,23,42,65,,,,,
2017-18,4,Kyle Connor,21,WPG,LW,442,26.95,31,26,57,,,,,
2017-18,5,Charlie McAvoy,20,BOS,D,407,24.82,7,25,32,,,,,
2018-19,1,Elias Pettersson,20,VAN,C,1650,96.49,28,38,66,,,,,
2018-19,3,Rasmus Dahlin,18,BUF,D,661,38.65,9,35,44,,,,,
2018-19,4,Miro Heiskanen,19,DAL,D,520,30.41,12,21,33,,,,,
2018-19,5,Brady Tkachuk,19,OTT,LW,357,20.88,22,23,45,,,,,
2018-19,6,Anthony Cirelli,21,TBL,C,91,5.32,19,20,39,,,,,
2019-20,1,Cale Makar,21,COL,D,1538,90.47,12,38,50,,,,,
2019-20,2,Quinn Hughes,20,VAN,D,1337,78.65,8,45,53,,,,,
2019-20,3,Dominik Kubalík,24,CHI,LW,554,32.59,30,16,46,,,,,
2019-20,4,Adam Fox,21,NYR,D,430,25.29,8,34,42,,,,,
2019-20,7,Victor Olofsson,24,BUF,RW,96,5.65,20,22,42,,,,,
2020-21,1,Kirill Kaprizov,23,MIN,LW,997,99.7,27,24,51,,,,,
2020-21,2,Jason Robertson,21,DAL,LW,689,68.9,17,28,45,,,,,
2020-21,4,Joshua Norris,21,OTT,C,183,18.3,17,18,35,,,,,
2020-21,7,Ty Smith,20,NJD,D,25,2.5,2,21,23,,,,,
2020-21,8,Nils Höglander,20,VAN,LW,24,2.4,13,14,27,,,,,
2021-22,1,Moritz Seider,20,DET,D,1853,95.03,7,43,50,,,,,
2021-22,2,Trevor Zegras,20,ANA,C,1191,61.08,23,38,61,,,,,
2021-22,3,Michael Bunting,26,TOR,LW,877,44.97,23,40,63,,,,,
2021-22,4,Lucas Raymond,19,DET,LW,499,25.59,23,34,57,,,,,
2021-22,6,Anton Lundell,20,FLA,C,185,9.49,18,26,44,,,,,
2022-23,1,Matty Beniers,20,SEA,C,1836,93.67,24,33,57,,,,,
2022-23,3,Owen Power,20,BUF,D,929,47.4,4,31,35,,,,,
2022-23,4,Matias Maccelli,22,ARI,LW,498,25.41,11,38,49,,,,,
2022-23,5,Wyatt Johnston,19,DAL,C,341,17.4,24,17,41,,,,,
2022-23,6,Jake Sanderson,20,OTT,D,200,10.2,4,28,32,,,,,
2023-24,1,Connor Bedard,18,CHI,C,1808,93.2,22,39,61,,,,,
2023-24,2,Brock Faber,21,MIN,D,1464,75.46,8,39,47,,,,,
2023-24,3,Luke Hughes,20,NJD,D,686,35.36,9,38,47,,,,,
2023-24,5,Logan Cooley,19,ARI,C,264,13.61,20,24,44,,,,,
2023-24,6,Marco Rossi,22,MIN,C,222,11.44,21,19,40,,,,,
2024-25,1,Lane Hutson,20,MTL,D,1832,95.92,6,60,66,,,,,
2024-25,3,Macklin Celebrini,18,SJS,F,1104,57.8,25,38,63,,,,,
2024-25,4,Matvei Michkov,20,PHI,RW,645,33.77,26,37,63,,,,,
2024-25,5,Cutter Gauthier,21,ANA,LW,92,4.82,20,24,44,,,,,
2024-25,6,Will Smith,19,SJS,C,62,3.25,18,27,45,,,,,
