Year,Place,Player,Age,Team,Pos,Vote_pct,SV_pct_Y1,SV_pct_Y2
2005-06,4,Henrik Lundqvist,23,NYR,G,35.27,0.922,
2005-06,8,Ryan Miller,25,BUF,G,2.02,0.914,
2005-06,15,Antero Niittymäki,25,PHI,G,0.08,0.895,
2006-07,12,Mike Smith,24,DAL,G,0.7,0.912,
2006-07,13,Josh Harding,22,MIN,G,0.07,0.96,
2007-08,4,Carey Price,20,MTL,G,34.66,0.92,
2008-09,1,Steve Mason,20,CBJ,G,96.06,0.916,
2008-09,4,Pekka Rinne,26,NSH,G,24.17,0.917,
2008-09,16,Jonathan Quick,23,LAK,G,0.23,0.914,
2009-10,2,Jimmy Howard,25,DET,G,58.94,0.924,
2009-10,4,Tuukka Rask,22,BOS,G,25.68,0.931,
2010-11,4,Corey Crawford,26,CHI,G,26.46,0.917,
2010-11,7,Sergei Bobrovsky,22,PHI,G,4.02,0.915,
2010-11,14,Michal Neuvirth,22,WSH,G,0.31,0.914,
2010-11,15,James Reimer,22,TOR,G,0.24,0.921,
2012-13,13,Robin Lehner,21,OTT,G,0.45,0.936,
2012-13,14,Jacob Markström,23,FLA,G,0.39,0.901,
2012-13,17,Jake Allen,22,STL,G,0.11,0.905,
2013-14,9,Frederik Andersen,24,ANA,G,1.82,0.923,
2013-14,16,Martin Jones,24,LAK,G,0.07,0.934,
2013-14,16,Darcy Kuemper,23,MIN,G,0.07,0.915,
2013-14,16,Eddie Läck,26,VAN,G,0.07,0.912,
2014-15,8,Michael Hutchinson,24,WPG,G,0.83,0.914,
2014-15,10,Jake Allen,24,STL,G,0.64,0.913,
2015-16,7,John Gibson,22,ANA,G,4.13,0.92,
2016-17,4,Matt Murray,22,PIT,G,20.72,0.923,
2018-19,2,Jordan Binnington,25,STL,G,62.69,0.927,
2018-19,9,Carter Hart,20,PHI,G,1.05,0.917,
2019-20,5,Elvis Merzļikins,25,CBJ,G,12.65,0.923,
2019-20,6,Mackenzie Blackwood,23,NJD,G,9.65,0.915,
2019-20,12,Ilya Samsonov,22,WSH,G,0.12,0.913,
2020-21,3,Alex Nedeljkovic,25,CAR,G,38.6,0.932,
2020-21,5,Igor Shesterkin,25,NYR,G,16.5,0.916,
2020-21,6,Vítek Vaněček,25,WSH,G,4.9,0.908,
2020-21,13,Kevin Lankinen,25,CHI,G,0.7,0.909,
2020-21,15,Kaapo Kähkönen,24,MIN,G,0.4,0.902,
2020-21,15,Ilya Sorokin,25,NYI,G,0.4,0.918,
2021-22,5,Jeremy Swayman,23,BOS,G,10.77,0.914,
2021-22,14,Alex Nedeljkovic,26,DET,G,0.05,0.901,
2022-23,2,Stuart Skinner,24,EDM,G,54.8,0.913,
2022-23,8,Logan Thompson,25,VEG,G,2.76,0.915,
2023-24,4,Pyotr Kochetkov,24,CAR,G,20.88,0.911,
2023-24,10,Samuel Ersson,24,PHI,G,0.77,0.89,
2023-24,11,Joel Hofer,23,STL,G,0.21,0.913,
2024-25,2,Dustin Wolf,23,CGY,G,61.2,0.91,
