Year,Place,Player,Age,Team,Pos,Votes,Vote_pct,G,A,GP_Y1,PTS_Y1,PPG_Y1,GP_Y2,PTS_Y2,PPG_Y2,Diff
2005-06,1,Alex Ovechkin,20,WSH,LW,1275,98.84,52,54,81,106,1.31,82,92,1.12,-0.19
2005-06,2,Sidney Crosby,18,PIT,C,831,64.42,39,63,81,102,1.26,79,120,1.52,0.26
2005-06,3,Dion Phaneuf,20,CGY,D,580,44.96,20,29,82,49,0.60,79,50,0.63,0.04
2005-06,5,Brad Boyes,23,BOS,C,48,3.72,26,43,82,69,0.84,62,34,0.55,-0.29
2005-06,5,Marek Svatoš,23,COL,RW,48,3.72,32,18,61,50,0.82,66,30,0.45,-0.37
2006-07,1,Evgeni Malkin,20,PIT,LW,1357,94.9,33,52,78,85,1.09,82,106,1.29,0.20
2006-07,2,Paul Stastny,21,COL,C,965,67.48,28,50,82,78,0.95,66,71,1.08,0.12
2006-07,3,Jordan Staal,18,PIT,C,565,39.51,29,13,81,42,0.52,82,28,0.34,-0.18
2006-07,4,Anže Kopitar,19,LAK,C,417,29.16,20,41,72,61,0.85,82,77,0.94,0.09
2006-07,5,Dustin Penner,24,ANA,RW,107,7.48,29,16,82,45,0.55,82,47,0.57,0.02
2007-08,1,Patrick Kane,19,CHI,RW,1078,81.05,21,51,82,72,0.88,80,70,0.88,0.00
2007-08,2,Nicklas Bäckström,20,WSH,C,872,65.56,14,55,82,69,0.84,82,88,1.07,0.23
2007-08,3,Jonathan Toews,19,CHI,C,647,48.65,24,30,64,54,0.84,82,69,0.84,0.00
2007-08,5,Peter Mueller,19,PHX,C,195,14.66,22,32,81,54,0.67,72,36,0.50,-0.17
2007-08,6,Toby Enström,23,ATL,D,79,5.94,5,33,82,38,0.46,82,32,0.39,-0.07
2008-09,2,Bobby Ryan,21,ANA,RW,829,62.8,31,26,64,57,0.89,81,64,0.79,-0.10
2008-09,3,Kris Versteeg,22,CHI,LW,323,24.47,22,31,78,53,0.68,79,44,0.56,-0.12
2008-09,5,Drew Doughty,19,LAK,D,303,22.95,6,21,81,27,0.33,82,59,0.72,0.39
2008-09,6,Blake Wheeler,22,BOS,RW,157,11.89,21,24,81,45,0.56,82,38,0.46,-0.09
2008-09,7,Patrik Berglund,20,STL,C,128,9.7,21,26,76,47,0.62,71,26,0.37,-0.25
2009-10,1,Tyler Myers,19,BUF,D,1178,89.24,11,37,82,48,0.59,80,37,0.46,-0.12
2009-10,3,Matt Duchene,19,COL,C,755,57.2,24,31,81,55,0.68,80,67,0.84,0.16
2009-10,5,John Tavares,19,NYI,C,303,22.95,24,30,82,54,0.66,79,67,0.85,0.19
2009-10,6,Niclas Bergfors,22,TOT,RW,30,2.27,21,23,81,44,0.54,72,36,0.50,-0.04
2009-10,7,Jamie Benn,20,DAL,LW,20,1.52,22,19,82,41,0.50,69,56,0.81,0.31
2010-11,1,Jeff Skinner,18,CAR,RW,1055,83.07,31,32,82,63,0.77,64,44,0.69,-0.08
2010-11,2,Logan Couture,21,SJS,C,908,71.5,32,24,79,56,0.71,80,65,0.81,0.10
2010-11,3,Michael Grabner,23,NYI,RW,497,39.13,34,18,76,52,0.68,78,32,0.41,-0.27
2010-11,5,John Carlson,21,WSH,D,188,14.8,7,30,82,37,0.45,82,32,0.39,-0.06
2010-11,6,P.K. Subban,21,MTL,D,155,12.2,14,24,77,38,0.49,81,36,0.44,-0.05
2011-12,1,Gabriel Landeskog,19,COL,LW,1383,92.82,22,30,82,52,0.63,36,17,0.47,-0.16
2011-12,2,Ryan Nugent-Hopkins,18,EDM,C,1001,67.18,18,34,62,52,0.84,40,24,0.60,-0.24
2011-12,3,Adam Henrique,21,NJD,C,620,41.61,16,35,74,51,0.69,42,16,0.38,-0.31
2011-12,4,Matt Read,25,PHI,RW,546,36.64,24,23,79,47,0.59,42,24,0.57,-0.02
2011-12,5,Carl Hagelin,23,NYR,LW,88,5.91,14,24,64,38,0.59,48,24,0.50,-0.09
2012-13,1,Jonathan Huberdeau,19,FLA,C,1141,63.74,14,17,48,31,0.65,69,28,0.41,-0.24
2012-13,2,Brendan Gallagher,20,MTL,RW,1048,58.55,15,13,44,28,0.64,81,41,0.51,-0.13
2012-13,3,Brandon Saad,20,CHI,LW,730,40.78,10,17,46,27,0.59,78,47,0.60,0.02
2012-13,4,Jonas Brodin,19,MIN,D,621,34.69,2,9,45,11,0.24,79,19,0.24,0.00
2012-13,5,Nail Yakupov,19,EDM,RW,521,29.11,17,14,48,31,0.65,63,24,0.38,-0.26
2013-14,1,Nathan MacKinnon,18,COL,C,1347,98.32,24,39,82,63,0.77,64,38,0.59,-0.17
2013-14,2,Ondřej Palát,22,TBL,LW,791,57.74,23,36,81,59,0.73,75,63,0.84,0.11
2013-14,3,Tyler Johnson,23,TBL,C,352,25.69,24,26,82,50,0.61,77,72,0.94,0.33
2013-14,4,Torey Krug,22,BOS,D,287,20.95,14,26,79,40,0.51,78,39,0.50,-0.01
2014-15,1,Aaron Ekblad,18,FLA,D,1147,73.06,12,27,81,39,0.48,78,36,0.46,-0.02
2014-15,2,Mark Stone,22,OTT,RW,1078,68.66,26,38,80,64,0.80,75,61,0.81,0.01
2014-15,3,Johnny Gaudreau,21,CGY,LW,1026,65.35,24,40,80,64,0.80,79,78,0.99,0.19
2014-15,4,Filip Forsberg,20,NSH,C,594,37.83,26,37,82,63,0.77,82,64,0.78,0.01
2014-15,5,John Klingberg,22,DAL,D,127,8.09,11,29,65,40,0.62,76,58,0.76,0.15
2015-16,1,Artemi Panarin,24,CHI,LW,1258,83.87,30,47,80,77,0.96,82,74,0.90,-0.06
2015-16,2,Shayne Gostisbehere,22,PHI,D,955,63.67,17,29,64,46,0.72,76,39,0.51,-0.21
2015-16,3,Connor McDavid,19,EDM,C,858,57.2,16,32,45,48,1.07,82,100,1.22,0.15
2015-16,4,Jack Eichel,19,BUF,C,449,29.93,24,32,81,56,0.69,61,57,0.93,0.24
2015-16,5,Dylan Larkin,19,DET,C,170,11.33,23,22,80,45,0.56,80,32,0.40,-0.16
2016-17,1,Auston Matthews,19,TOR,C,1661,99.46,40,29,82,69,0.84,62,63,1.02,0.17
2016-17,2,Patrik Laine,18,WPG,RW,1106,66.23,36,28,73,64,0.88,82,70,0.85,-0.02
2016-17,3,Zach Werenski,19,CBJ,D,711,42.57,11,36,78,47,0.60,77,37,0.48,-0.12
2016-17,5,Mitch Marner,19,TOR,C,273,16.35,19,42,77,61,0.79,82,69,0.84,0.05
2016-17,6,William Nylander,20,TOR,RW,143,8.56,22,39,81,61,0.75,82,61,0.74,-0.01
2017-18,1,Mathew Barzal,20,NYI,C,1626,99.15,22,63,82,85,1.04,82,62,0.76,-0.28
2017-18,2,Brock Boeser,20,VAN,RW,750,45.73,29,26,62,55,0.89,69,56,0.81,-0.08
2017-18,3,Clayton Keller,19,ARI,C,492,30,23,42,82,65,0.79,82,47,0.57,-0.22
2017-18,4,Kyle Connor,21,WPG,LW,442,26.95,31,26,76,57,0.75,82,66,0.80,0.05
2017-18,5,Charlie McAvoy,20,BOS,D,407,24.82,7,25,63,32,0.51,54,28,0.52,0.01
2018-19,1,Elias Pettersson,20,VAN,C,1650,96.49,28,38,71,66,0.93,68,66,0.97,0.04
2018-19,3,Rasmus Dahlin,18,BUF,D,661,38.65,9,35,82,44,0.54,59,40,0.68,0.14
2018-19,4,Miro Heiskanen,19,DAL,D,520,30.41,12,21,82,33,0.40,68,35,0.51,0.11
2018-19,5,Brady Tkachuk,19,OTT,LW,357,20.88,22,23,71,45,0.63,71,44,0.62,-0.01
2018-19,6,Anthony Cirelli,21,TBL,C,91,5.32,19,20,82,39,0.48,68,44,0.65,0.17
2019-20,1,Cale Makar,21,COL,D,1538,90.47,12,38,57,50,0.88,44,44,1.00,0.12
2019-20,2,Quinn Hughes,20,VAN,D,1337,78.65,8,45,68,53,0.78,56,41,0.73,-0.05
2019-20,3,Dominik Kubalík,24,CHI,LW,554,32.59,30,16,68,46,0.68,56,38,0.68,0.00
2019-20,4,Adam Fox,21,NYR,D,430,25.29,8,34,70,42,0.60,55,47,0.85,0.25
2019-20,7,Victor Olofsson,24,BUF,RW,96,5.65,20,22,54,42,0.78,56,32,0.57,-0.21
2020-21,1,Kirill Kaprizov,23,MIN,LW,997,99.7,27,24,55,51,0.93,81,108,1.33,0.41
2020-21,2,Jason Robertson,21,DAL,LW,689,68.9,17,28,51,45,0.88,74,79,1.07,0.19
2020-21,4,Josh Norris,21,OTT,C,183,18.3,17,18,56,35,0.63,66,55,0.83,0.21
2020-21,7,Ty Smith,20,NJD,D,25,2.5,2,21,48,23,0.48,66,20,0.30,-0.18
2020-21,8,Nils Höglander,20,VAN,LW,24,2.4,13,14,56,27,0.48,60,18,0.30,-0.18
2021-22,1,Moritz Seider,20,DET,D,1853,95.03,7,43,82,50,0.61,82,42,0.51,-0.10
2021-22,2,Trevor Zegras,20,ANA,C,1191,61.08,23,38,75,61,0.81,81,65,0.80,-0.01
2021-22,3,Michael Bunting,26,TOR,LW,877,44.97,23,40,79,63,0.80,82,49,0.60,-0.20
2021-22,4,Lucas Raymond,19,DET,LW,499,25.59,23,34,82,57,0.70,74,45,0.61,-0.09
2021-22,6,Anton Lundell,20,FLA,C,185,9.49,18,26,65,44,0.68,73,33,0.45,-0.22
2022-23,1,Matty Beniers,20,SEA,C,1836,93.67,24,33,80,57,0.71,77,37,0.48,-0.23
2022-23,3,Owen Power,20,BUF,D,929,47.4,4,31,79,35,0.44,76,33,0.43,-0.01
2022-23,4,Matias Maccelli,22,ARI,LW,498,25.41,11,38,64,49,0.77,82,57,0.70,-0.07
2022-23,5,Wyatt Johnston,19,DAL,C,341,17.4,24,17,82,41,0.50,82,65,0.79,0.29
2022-23,6,Jake Sanderson,20,OTT,D,200,10.2,4,28,77,32,0.42,79,38,0.48,0.07
2023-24,1,Connor Bedard,18,CHI,C,1808,93.2,22,39,68,61,0.90,82,67,0.82,-0.08
2023-24,2,Brock Faber,21,MIN,D,1464,75.46,8,39,82,47,0.57,78,29,0.37,-0.20
2023-24,3,Luke Hughes,20,NJD,D,686,35.36,9,38,82,47,0.57,71,44,0.62,0.05
2023-24,5,Logan Cooley,19,ARI,C,264,13.61,20,24,82,44,0.54,75,65,0.87,0.33
2023-24,6,Marco Rossi,22,MIN,C,222,11.44,21,19,82,40,0.49,82,60,0.73,0.24
2024-25,1,Lane Hutson,20,MTL,D,1832,95.92,6,60,82,66,0.80,82,78,0.95,0.15
2024-25,3,Macklin Celebrini,18,SJS,F,1104,57.8,25,38,70,63,0.90,82,115,1.40,0.50
2024-25,4,Matvei Michkov,20,PHI,RW,645,33.77,26,37,80,63,0.79,81,51,0.63,-0.16
2024-25,5,Cutter Gauthier,21,ANA,LW,92,4.82,20,24,82,44,0.54,76,69,0.91,0.37
2024-25,6,Will Smith,19,SJS,C,62,3.25,18,27,74,45,0.61,69,59,0.86,0.25