Year,Player,Place,Age,Team,Pos,Vote_pct,Year1_GP,SV_pct_Y1,Year2_GP,SV_pct_Y2,SV_pct_Diff
2005-06,Henrik Lundqvist,4,23,NYR,G,35.27,53,0.922,70,0.917,-0.005
2005-06,Ryan Miller,8,25,BUF,G,2.02,48,0.914,63,0.911,-0.003
2005-06,Antero Niittymäki,15,25,PHI,G,0.08,46,0.895,52,0.894,-0.001
2007-08,Carey Price,4,20,MTL,G,34.66,41,0.920,52,0.905,-0.015
2008-09,Steve Mason,1,20,CBJ,G,96.06,61,0.916,58,0.901,-0.015
2008-09,Pekka Rinne,4,26,NSH,G,24.17,52,0.917,58,0.911,-0.006
2008-09,Jonathan Quick,16,23,LAK,G,0.23,44,0.914,72,0.907,-0.007
2009-10,Jimmy Howard,2,25,DET,G,58.94,63,0.924,63,0.908,-0.016
2009-10,Tuukka Rask,4,22,BOS,G,25.68,45,0.931,29,0.918,-0.013
2010-11,Corey Crawford,4,26,CHI,G,26.46,57,0.917,57,0.903,-0.014
2010-11,Sergei Bobrovsky,7,22,PHI,G,4.02,54,0.915,29,0.899,-0.016
2010-11,Michal Neuvirth,14,22,WSH,G,0.31,48,0.914,38,0.903,-0.011
2010-11,James Reimer,15,22,TOR,G,0.24,37,0.921,34,0.900,-0.021
2013-14,Eddie Läck,16,26,VAN,G,0.07,41,0.912,41,0.921,0.009
2013-14,Frederik Andersen,9,24,ANA,G,1.82,28,0.923,54,0.914,-0.009
2014-15,Michael Hutchinson,8,24,WPG,G,0.83,38,0.914,30,0.907,-0.007
2014-15,Jake Allen,10,24,STL,G,0.64,37,0.913,47,0.920,0.007
2015-16,John Gibson,7,22,ANA,G,4.13,40,0.920,52,0.924,0.004
2016-17,Matt Murray,4,22,PIT,G,20.72,49,0.923,49,0.907,-0.016
2018-19,Jordan Binnington,2,25,STL,G,62.69,32,0.927,50,0.912,-0.015
2018-19,Carter Hart,9,20,PHI,G,1.05,31,0.917,43,0.914,-0.003
2019-20,Mackenzie Blackwood,6,23,NJD,G,9.65,47,0.915,35,0.902,-0.013
2019-20,Elvis Merzļikins,5,25,CBJ,G,12.65,33,0.923,28,0.916,-0.007
2020-21,Kevin Lankinen,13,25,CHI,G,0.7,37,0.909,32,0.891,-0.018
2020-21,Vítek Vaněček,6,25,WSH,G,4.9,37,0.908,42,0.908,0.000
2020-21,Igor Shesterkin,5,25,NYR,G,16.5,35,0.916,53,0.935,0.019
2021-22,Alex Nedeljkovic,14,26,DET,G,0.05,59,0.901,15,0.895,-0.006
2021-22,Jeremy Swayman,5,23,BOS,G,10.77,41,0.914,37,0.920,0.006
2022-23,Stuart Skinner,2,24,EDM,G,54.8,50,0.914,59,0.905,-0.009
2022-23,Logan Thompson,8,25,VEG,G,2.76,37,0.915,46,0.908,-0.007
2023-24,Samuel Ersson,10,24,PHI,G,0.77,51,0.890,47,0.883,-0.007
2023-24,Pyotr Kochetkov,4,24,CAR,G,20.88,42,0.911,47,0.898,-0.013
2023-24,Joel Hofer,11,23,STL,G,0.21,30,0.914,31,0.904,-0.010
2024-25,Dustin Wolf,2,23,CGY,G,61.2,53,0.910,57,0.899,-0.011