"","Team","Games Played","Wins","Losses","Overtime/Shootout Losses","Points","Point %","Regulation Wins","Regulation/Overtime Wins","Goals For","Goals Against","Goal Differential"
"","Metropolitan","","","","","","","","","","",""
"1","z - Carolina Hurricanes","82","53","22","7","113","0.689","39","48","296","240","56"
"2","x - Pittsburgh Penguins","82","41","25","16","98","0.598","34","38","293","268","25"
"3","x - Philadelphia Flyers","82","43","27","12","98","0.598","27","33","250","243","7"
"","Atlantic","","","","","","","","","","",""
"1","y - Buffalo Sabres","82","50","23","9","109","0.665","42","45","288","241","47"
"2","x - Tampa Bay Lightning","82","50","26","6","106","0.646","40","46","290","231","59"
"3","x - Montreal Canadiens","82","48","24","10","106","0.646","34","44","283","256","27"
"","Wildcard - East","","","","","","","","","","",""
"1","x - Boston Bruins","82","45","27","10","100","0.610","33","41","272","250","22"
"2","x - Ottawa Senators","82","44","27","11","99","0.604","38","41","278","246","32"
"3","e - Washington Capitals","82","43","30","9","95","0.579","37","41","263","244","19"
"4","e - Detroit Red Wings","82","41","31","10","92","0.561","30","39","241","258","-17"
"5","e - Columbus Blue Jackets","82","40","30","12","92","0.561","28","33","253","253","0"
"6","e - New York Islanders","82","43","34","5","91","0.555","29","39","233","241","-8"
"7","e - New Jersey Devils","82","42","37","3","87","0.530","29","38","230","254","-24"
"8","e - Florida Panthers","82","40","38","4","84","0.512","32","35","251","276","-25"
"9","e - Toronto Maple Leafs","82","32","36","14","78","0.476","23","31","253","299","-46"
"10","e - New York Rangers","82","34","39","9","77","0.470","25","31","238","250","-12"
"","Central","","","","","","","","","","",""
"1","p - Colorado Avalanche","82","55","16","11","121","0.738","48","51","302","203","99"
"2","x - Dallas Stars","82","50","20","12","112","0.683","38","44","279","226","53"
"3","x - Minnesota Wild","82","46","24","12","104","0.634","31","42","272","240","32"
"","Pacific","","","","","","","","","","",""
"1","y - Vegas Golden Knights","82","39","26","17","95","0.579","30","38","265","250","15"
"2","x - Edmonton Oilers","82","41","30","11","93","0.567","32","41","282","269","13"
"3","x - Anaheim Ducks","82","43","33","6","92","0.561","26","35","273","288","-15"
"","Wild Card - West","","","","","","","","","","",""
"1","x - Utah Mammoth","82","43","33","6","92","0.561","33","43","268","240","28"
"2","x - Los Angeles Kings","82","35","27","20","90","0.549","22","30","225","247","-22"
"3","e - St Louis Blues","82","37","33","12","86","0.524","33","36","231","258","-27"
"4","e - Nashville Predators","82","38","34","10","86","0.524","28","33","247","269","-22"
"5","e - San Jose Sharks","82","39","35","8","86","0.524","27","37","251","292","-41"
"6","e - Winnipeg Jets","82","35","35","12","82","0.500","28","33","231","260","-29"
"7","e - Seattle Kraken","82","34","37","11","79","0.482","26","32","226","263","-37"
"8","e - Calgary Flames","82","34","39","9","77","0.470","27","30","212","259","-47"
"9","e - Chicago Blackhawks","82","29","39","14","72","0.439","22","26","213","275","-62"
"10","e - Vancouver Canucks","82","25","49","8","58","0.354","15","19","216","316","-100"
